Postal Code,Place Name,State,State Abbreviation,City,Latitude,Longitude
28199,Bremen,Bremen,HB,"Bremen Stadt",53.0618,8.79
25355,Bevern,Schleswig-Holstein,SH,Pinneberg,53.75,9.7667
10999,Berlin Kreuzberg,Berlin,BE,Kreisfreie Stadt Berlin,52.4992,13.4307
75223,Niefern-�schelbronn,Baden-W�rttemberg,BW,Enzkreis,48.9167,8.7833
54298,Orenhofen,Rheinland-Pfalz,RP,Trier-Saarburg,49.9,6.65
16727,Oberkr�mer,Brandenburg,BB,Oberhavel,52.5833,13.3167
01945,Kroppen,Brandenburg,BB,Oberspreewald-Lausitz,51.3833,13.8
01968,Schipkau,Brandenburg,BB,Oberspreewald-Lausitz,51.5456,13.9121